,SF,Char,Byte,AirTime,PointSize,MultiVal
0,7,20,10,61,70,5
1,8,20,10,113,80,5
2,9,20,10,205,90,5
3,10,20,10,370,100,5
4,11,20,10,823,110,5
5,12,20,10,1482,120,5
6,7,22,11,61,70,5
7,8,22,11,113,80,5
8,9,22,11,205,90,5
9,10,22,11,370,100,5
10,11,22,11,823,110,5
11,12,22,11,1482,120,5
12,7,24,12,61,70,5
13,8,24,12,113,80,5
14,9,24,12,205,90,5
15,10,24,12,411,100,5
16,11,24,12,823,110,5
17,12,24,12,1482,120,5
18,7,26,13,61,70,5
19,8,26,13,113,80,5
20,9,26,13,205,90,5
21,10,26,13,411,100,5
22,11,26,13,823,110,5
23,12,26,13,1646,120,5
24,7,28,14,66,70,5
25,8,28,14,123,80,5
26,9,28,14,226,90,5
27,10,28,14,411,100,5
28,11,28,14,823,110,5
29,12,28,14,1646,120,5
30,7,30,15,66,70,5
31,8,30,15,123,80,5
32,9,30,15,226,90,5
33,10,30,15,411,100,5
34,11,30,15,905,110,5
35,12,30,15,1646,120,5
36,7,32,16,66,70,5
37,8,32,16,123,80,5
38,9,32,16,226,90,5
39,10,32,16,411,100,5
40,11,32,16,905,110,5
41,12,32,16,1646,120,5
42,7,34,17,71,70,5
43,8,34,17,123,80,5
44,9,34,17,226,90,5
45,10,34,17,452,100,5
46,11,34,17,905,110,5
47,12,34,17,1646,120,5
48,7,36,18,71,70,5
49,8,36,18,133,80,5
50,9,36,18,246,90,5
51,10,36,18,452,100,5
52,11,36,18,905,110,5
53,12,36,18,1810,120,5
54,7,38,19,71,70,5
55,8,38,19,133,80,5
56,9,38,19,246,90,5
57,10,38,19,452,100,5
58,11,38,19,987,110,5
59,12,38,19,1810,120,5
60,7,40,20,71,70,5
61,8,40,20,133,80,5
62,9,40,20,246,90,5
63,10,40,20,452,100,5
64,11,40,20,987,110,5
65,12,40,20,1810,120,5
66,7,42,21,77,70,5
67,8,42,21,133,80,5
68,9,42,21,246,90,5
69,10,42,21,452,100,5
70,11,42,21,987,110,5
71,12,42,21,1810,120,5
72,7,44,22,77,70,5
73,8,44,22,143,80,5
74,9,44,22,246,90,5
75,10,44,22,493,100,5
76,11,44,22,987,110,5
77,12,44,22,1810,120,5
78,7,46,23,77,70,5
79,8,46,23,143,80,5
80,9,46,23,267,90,5
81,10,46,23,493,100,5
82,11,46,23,987,110,5
83,12,46,23,1974,120,5
84,7,48,24,82,70,5
85,8,48,24,143,80,5
86,9,48,24,267,90,5
87,10,48,24,493,100,5
88,11,48,24,1069,110,5
89,12,48,24,1974,120,5
90,7,50,25,82,70,5
91,8,50,25,143,80,5
92,9,50,25,267,90,5
93,10,50,25,493,100,5
94,11,50,25,1069,110,5
95,12,50,25,1974,120,5
96,7,52,26,82,70,5
97,8,52,26,154,80,5
98,9,52,26,267,90,5
99,10,52,26,493,100,5
100,11,52,26,1069,110,5
101,12,52,26,1974,120,5
102,7,54,27,82,70,5
103,8,54,27,154,80,5
104,9,54,27,287,90,5
105,10,54,27,534,100,5
106,11,54,27,1069,110,5
107,12,54,27,1974,120,5
108,7,56,28,87,70,5
109,8,56,28,154,80,5
110,9,56,28,287,90,5
111,10,56,28,534,100,5
112,11,56,28,1151,110,5
113,12,56,28,2138,120,5
114,7,58,29,87,70,5
115,8,58,29,154,80,5
116,9,58,29,287,90,5
117,10,58,29,534,100,5
118,11,58,29,1151,110,5
119,12,58,29,2138,120,5
120,7,60,30,87,70,5
121,8,60,30,164,80,5
122,9,60,30,287,90,5
123,10,60,30,534,100,5
124,11,60,30,1151,110,5
125,12,60,30,2138,120,5
126,7,62,31,92,70,5
127,8,62,31,164,80,5
128,9,62,31,287,90,5
129,10,62,31,534,100,5
130,11,62,31,1151,110,5
131,12,62,31,2138,120,5
132,7,64,32,92,70,5
133,8,64,32,164,80,5
134,9,64,32,308,90,5
135,10,64,32,575,100,5
136,11,64,32,1151,110,5
137,12,64,32,2138,120,5
138,7,66,33,92,70,5
139,8,66,33,164,80,5
140,9,66,33,308,90,5
141,10,66,33,575,100,5
142,11,66,33,1232,110,5
143,12,66,33,2302,120,5
144,7,68,34,92,70,5
145,8,68,34,174,80,5
146,9,68,34,308,90,5
147,10,68,34,575,100,5
148,11,68,34,1232,110,5
149,12,68,34,2302,120,5
150,7,70,35,97,70,5
151,8,70,35,174,80,5
152,9,70,35,308,90,5
153,10,70,35,575,100,5
154,11,70,35,1232,110,5
155,12,70,35,2302,120,5
156,7,72,36,97,70,5
157,8,72,36,174,80,5
158,9,72,36,328,90,5
159,10,72,36,575,100,5
160,11,72,36,1232,110,5
161,12,72,36,2302,120,5
162,7,74,37,97,70,5
163,8,74,37,174,80,5
164,9,74,37,328,90,5
165,10,74,37,616,100,5
166,11,74,37,1314,110,5
167,12,74,37,2302,120,5
168,7,76,38,102,70,5
169,8,76,38,184,80,5
170,9,76,38,328,90,5
171,10,76,38,616,100,5
172,11,76,38,1314,110,5
173,12,76,38,2465,120,5
174,7,78,39,102,70,5
175,8,78,39,184,80,5
176,9,78,39,328,90,5
177,10,78,39,616,100,5
178,11,78,39,1314,110,5
179,12,78,39,2465,120,5
180,7,80,40,102,70,5
181,8,80,40,184,80,5
182,9,80,40,328,90,5
183,10,80,40,616,100,5
184,11,80,40,1314,110,5
185,12,80,40,2465,120,5
186,7,82,41,102,70,5
187,8,82,41,184,80,5
188,9,82,41,349,90,5
189,10,82,41,616,100,5
190,11,82,41,1314,110,5
191,12,82,41,2465,120,5
192,7,84,42,107,70,5
193,8,84,42,195,80,5
194,9,84,42,349,90,5
195,10,84,42,657,100,5
196,11,84,42,1396,110,5
197,12,84,42,2465,120,5
198,7,86,43,107,70,5
199,8,86,43,195,80,5
200,9,86,43,349,90,5
201,10,86,43,657,100,5
202,11,86,43,1396,110,5
203,12,86,43,2629,120,5
204,7,88,44,107,70,5
205,8,88,44,195,80,5
206,9,88,44,349,90,5
207,10,88,44,657,100,5
208,11,88,44,1396,110,5
209,12,88,44,2629,120,5
210,7,90,45,112,70,5
211,8,90,45,195,80,5
212,9,90,45,369,90,5
213,10,90,45,657,100,5
214,11,90,45,1396,110,5
215,12,90,45,2629,120,5
216,7,92,46,112,70,5
217,8,92,46,205,80,5
218,9,92,46,369,90,5
219,10,92,46,657,100,5
220,11,92,46,1478,110,5
221,12,92,46,2629,120,5
222,7,94,47,112,70,5
223,8,94,47,205,80,5
224,9,94,47,369,90,5
225,10,94,47,698,100,5
226,11,94,47,1478,110,5
227,12,94,47,2629,120,5
228,7,96,48,112,70,5
229,8,96,48,205,80,5
230,9,96,48,369,90,5
231,10,96,48,698,100,5
232,11,96,48,1478,110,5
233,12,96,48,2793,120,5
234,7,98,49,118,70,5
235,8,98,49,205,80,5
236,9,98,49,369,90,5
237,10,98,49,698,100,5
238,11,98,49,1478,110,5
239,12,98,49,2793,120,5
240,7,100,50,118,70,5
241,8,100,50,215,80,5
242,9,100,50,390,90,5
243,10,100,50,698,100,5
244,11,100,50,1478,110,5
245,12,100,50,2793,120,5
246,7,102,51,118,70,5
247,8,102,51,215,80,5
248,9,102,51,390,90,5
249,10,102,51,698,100,5
250,11,102,51,1560,110,5
251,12,102,51,2793,120,5
252,7,104,52,123,70,5
253,8,104,52,215,80,5
254,9,104,52,390,90,5
255,10,104,52,739,100,5
256,11,104,52,1560,110,5
257,12,104,52,2793,120,5
258,7,106,53,123,70,5
259,8,106,53,215,80,5
260,9,106,53,390,90,5
261,10,106,53,739,100,5
262,11,106,53,1560,110,5
263,12,106,53,2957,120,5
264,7,108,54,123,70,5
265,8,108,54,225,80,5
266,9,108,54,410,90,5
267,10,108,54,739,100,5
268,11,108,54,1560,110,5
269,12,108,54,2957,120,5
270,7,110,55,123,70,5
271,8,110,55,225,80,5
272,9,110,55,410,90,5
273,10,110,55,739,100,5
274,11,110,55,1642,110,5
275,12,110,55,2957,120,5
276,7,112,56,128,70,5
277,8,112,56,225,80,5
278,9,112,56,410,90,5
279,10,112,56,739,100,5
280,11,112,56,1642,110,5
281,12,112,56,2957,120,5
282,7,114,57,128,70,5
283,8,114,57,225,80,5
284,9,114,57,410,90,5
285,10,114,57,780,100,5
286,11,114,57,1642,110,5
287,12,114,57,2957,120,5
288,7,116,58,128,70,5
289,8,116,58,236,80,5
290,9,116,58,410,90,5
291,10,116,58,780,100,5
292,11,116,58,1642,110,5
293,12,116,58,3121,120,5
294,7,118,59,133,70,5
295,8,118,59,236,80,5
296,9,118,59,431,90,5
297,10,118,59,780,100,5
298,11,118,59,1642,110,5
299,12,118,59,3121,120,5
300,7,120,60,133,70,5
301,8,120,60,236,80,5
302,9,120,60,431,90,5
303,10,120,60,780,100,5
304,11,120,60,1724,110,5
305,12,120,60,3121,120,5
306,7,122,61,133,70,5
307,8,122,61,236,80,5
308,9,122,61,431,90,5
309,10,122,61,780,100,5
310,11,122,61,1724,110,5
311,12,122,61,3121,120,5
312,7,124,62,133,70,5
313,8,124,62,246,80,5
314,9,124,62,431,90,5
315,10,124,62,821,100,5
316,11,124,62,1724,110,5
317,12,124,62,3121,120,5
318,7,126,63,138,70,5
319,8,126,63,246,80,5
320,9,126,63,451,90,5
321,10,126,63,821,100,5
322,11,126,63,1724,110,5
323,12,126,63,3285,120,5
324,7,128,64,138,70,5
325,8,128,64,246,80,5
326,9,128,64,451,90,5
327,10,128,64,821,100,5
328,11,128,64,1806,110,5
329,12,128,64,3285,120,5
330,7,130,65,138,70,5
331,8,130,65,246,80,5
332,9,130,65,451,90,5
333,10,130,65,821,100,5
334,11,130,65,1806,110,5
335,12,130,65,3285,120,5
336,7,132,66,143,70,5
337,8,132,66,256,80,5
338,9,132,66,451,90,5
339,10,132,66,821,100,5
340,11,132,66,1806,110,5
341,12,132,66,3285,120,5
342,7,134,67,143,70,5
343,8,134,67,256,80,5
344,9,134,67,451,90,5
345,10,134,67,862,100,5
346,11,134,67,1806,110,5
347,12,134,67,3285,120,5
348,7,136,68,143,70,5
349,8,136,68,256,80,5
350,9,136,68,472,90,5
351,10,136,68,862,100,5
352,11,136,68,1806,110,5
353,12,136,68,3448,120,5
354,7,138,69,143,70,5
355,8,138,69,256,80,5
356,9,138,69,472,90,5
357,10,138,69,862,100,5
358,11,138,69,1888,110,5
359,12,138,69,3448,120,5
360,7,140,70,148,70,5
361,8,140,70,266,80,5
362,9,140,70,472,90,5
363,10,140,70,862,100,5
364,11,140,70,1888,110,5
365,12,140,70,3448,120,5
366,7,142,71,148,70,5
367,8,142,71,266,80,5
368,9,142,71,472,90,5
369,10,142,71,862,100,5
370,11,142,71,1888,110,5
371,12,142,71,3448,120,5
372,7,144,72,148,70,5
373,8,144,72,266,80,5
374,9,144,72,492,90,5
375,10,144,72,903,100,5
376,11,144,72,1888,110,5
377,12,144,72,3448,120,5
378,7,146,73,153,70,5
379,8,146,73,266,80,5
380,9,146,73,492,90,5
381,10,146,73,903,100,5
382,11,146,73,1970,110,5
383,12,146,73,3612,120,5
384,7,148,74,153,70,5
385,8,148,74,277,80,5
386,9,148,74,492,90,5
387,10,148,74,903,100,5
388,11,148,74,1970,110,5
389,12,148,74,3612,120,5
390,7,150,75,153,70,5
391,8,150,75,277,80,5
392,9,150,75,492,90,5
393,10,150,75,903,100,5
394,11,150,75,1970,110,5
395,12,150,75,3612,120,5
396,7,152,76,153,70,5
397,8,152,76,277,80,5
398,9,152,76,492,90,5
399,10,152,76,903,100,5
400,11,152,76,1970,110,5
401,12,152,76,3612,120,5
402,7,154,77,159,70,5
403,8,154,77,277,80,5
404,9,154,77,513,90,5
405,10,154,77,944,100,5
406,11,154,77,1970,110,5
407,12,154,77,3612,120,5
408,7,156,78,159,70,5
409,8,156,78,287,80,5
410,9,156,78,513,90,5
411,10,156,78,944,100,5
412,11,156,78,2052,110,5
413,12,156,78,3776,120,5
414,7,158,79,159,70,5
415,8,158,79,287,80,5
416,9,158,79,513,90,5
417,10,158,79,944,100,5
418,11,158,79,2052,110,5
419,12,158,79,3776,120,5
420,7,160,80,164,70,5
421,8,160,80,287,80,5
422,9,160,80,513,90,5
423,10,160,80,944,100,5
424,11,160,80,2052,110,5
425,12,160,80,3776,120,5
426,7,162,81,164,70,5
427,8,162,81,287,80,5
428,9,162,81,533,90,5
429,10,162,81,944,100,5
430,11,162,81,2052,110,5
431,12,162,81,3776,120,5
432,7,164,82,164,70,5
433,8,164,82,297,80,5
434,9,164,82,533,90,5
435,10,164,82,985,100,5
436,11,164,82,2134,110,5
437,12,164,82,3776,120,5
438,7,166,83,164,70,5
439,8,166,83,297,80,5
440,9,166,83,533,90,5
441,10,166,83,985,100,5
442,11,166,83,2134,110,5
443,12,166,83,3940,120,5
444,7,168,84,169,70,5
445,8,168,84,297,80,5
446,9,168,84,533,90,5
447,10,168,84,985,100,5
448,11,168,84,2134,110,5
449,12,168,84,3940,120,5
450,7,170,85,169,70,5
451,8,170,85,297,80,5
452,9,170,85,533,90,5
453,10,170,85,985,100,5
454,11,170,85,2134,110,5
455,12,170,85,3940,120,5
456,7,172,86,169,70,5
457,8,172,86,307,80,5
458,9,172,86,554,90,5
459,10,172,86,985,100,5
460,11,172,86,2134,110,5
461,12,172,86,3940,120,5
462,7,174,87,174,70,5
463,8,174,87,307,80,5
464,9,174,87,554,90,5
465,10,174,87,1026,100,5
466,11,174,87,2215,110,5
467,12,174,87,3940,120,5
468,7,176,88,174,70,5
469,8,176,88,307,80,5
470,9,176,88,554,90,5
471,10,176,88,1026,100,5
472,11,176,88,2216,110,5
473,12,176,88,4104,120,5
474,7,178,89,174,70,5
475,8,178,89,307,80,5
476,9,178,89,554,90,5
477,10,178,89,1026,100,5
478,11,178,89,2215,110,5
479,12,178,89,4104,120,5
480,7,180,90,174,70,5
481,8,180,90,318,80,5
482,9,180,90,574,90,5
483,10,180,90,1026,100,5
484,11,180,90,2216,110,5
485,12,180,90,4104,120,5
486,7,182,91,179,70,5
487,8,182,91,318,80,5
488,9,182,91,574,90,5
489,10,182,91,1026,100,5
490,11,182,91,2297,110,5
491,12,182,91,4104,120,5
492,7,184,92,179,70,5
493,8,184,92,318,80,5
494,9,184,92,574,90,5
495,10,184,92,1067,100,5
496,11,184,92,2297,110,5
497,12,184,92,4104,120,5
498,7,186,93,179,70,5
499,8,186,93,318,80,5
500,9,186,93,574,90,5
501,10,186,93,1067,100,5
502,11,186,93,2297,110,5
503,12,186,93,4268,120,5
504,7,188,94,184,70,5
505,8,188,94,328,80,5
506,9,188,94,574,90,5
507,10,188,94,1067,100,5
508,11,188,94,2297,110,5
509,12,188,94,4268,120,5
510,7,190,95,184,70,5
511,8,190,95,328,80,5
512,9,190,95,594,90,5
513,10,190,95,1067,100,5
514,11,190,95,2297,110,5
515,12,190,95,4268,120,5
516,7,192,96,184,70,5
517,8,192,96,328,80,5
518,9,192,96,594,90,5
519,10,192,96,1067,100,5
520,11,192,96,2379,110,5
521,12,192,96,4268,120,5
522,7,194,97,184,70,5
523,8,194,97,328,80,5
524,9,194,97,594,90,5
525,10,194,97,1108,100,5
526,11,194,97,2379,110,5
527,12,194,97,4268,120,5
528,7,196,98,189,70,5
529,8,196,98,338,80,5
530,9,196,98,594,90,5
531,10,196,98,1108,100,5
532,11,196,98,2379,110,5
533,12,196,98,4431,120,5
534,7,198,99,189,70,5
535,8,198,99,338,80,5
536,9,198,99,615,90,5
537,10,198,99,1108,100,5
538,11,198,99,2379,110,5
539,12,198,99,4431,120,5
540,7,200,100,189,70,5
541,8,200,100,338,80,5
542,9,200,100,615,90,5
543,10,200,100,1108,100,5
544,11,200,100,2461,110,5
545,12,200,100,4431,120,5
546,7,202,101,194,70,5
547,8,202,101,338,80,5
548,9,202,101,615,90,5
549,10,202,101,1108,100,5
550,11,202,101,2461,110,5
551,12,202,101,4431,120,5
552,7,204,102,194,70,5
553,8,204,102,348,80,5
554,9,204,102,615,90,5
555,10,204,102,1148,100,5
556,11,204,102,2461,110,5
557,12,204,102,4431,120,5
558,7,206,103,194,70,5
559,8,206,103,348,80,5
560,9,206,103,615,90,5
561,10,206,103,1148,100,5
562,11,206,103,2461,110,5
563,12,206,103,4595,120,5
564,7,208,104,194,70,5
565,8,208,104,348,80,5
566,9,208,104,635,90,5
567,10,208,104,1148,100,5
568,11,208,104,2461,110,5
569,12,208,104,4595,120,5
570,7,210,105,199,70,5
571,8,210,105,348,80,5
572,9,210,105,635,90,5
573,10,210,105,1148,100,5
574,11,210,105,2543,110,5
575,12,210,105,4595,120,5
576,7,212,106,199,70,5
577,8,212,106,358,80,5
578,9,212,106,635,90,5
579,10,212,106,1148,100,5
580,11,212,106,2543,110,5
581,12,212,106,4595,120,5
582,7,214,107,199,70,5
583,8,214,107,358,80,5
584,9,214,107,635,90,5
585,10,214,107,1189,100,5
586,11,214,107,2543,110,5
587,12,214,107,4595,120,5
588,7,216,108,205,70,5
589,8,216,108,358,80,5
590,9,216,108,656,90,5
591,10,216,108,1189,100,5
592,11,216,108,2543,110,5
593,12,216,108,4759,120,5
594,7,218,109,205,70,5
595,8,218,109,358,80,5
596,9,218,109,656,90,5
597,10,218,109,1189,100,5
598,11,218,109,2625,110,5
599,12,218,109,4759,120,5
600,7,220,110,205,70,5
601,8,220,110,369,80,5
602,9,220,110,656,90,5
603,10,220,110,1189,100,5
604,11,220,110,2625,110,5
605,12,220,110,4759,120,5
606,7,222,111,205,70,5
607,8,222,111,369,80,5
608,9,222,111,656,90,5
609,10,222,111,1189,100,5
610,11,222,111,2625,110,5
611,12,222,111,4759,120,5
612,7,224,112,210,70,5
613,8,224,112,369,80,5
614,9,224,112,656,90,5
615,10,224,112,1230,100,5
616,11,224,112,2625,110,5
617,12,224,112,4759,120,5
618,7,226,113,210,70,5
619,8,226,113,369,80,5
620,9,226,113,676,90,5
621,10,226,113,1230,100,5
622,11,226,113,2625,110,5
623,12,226,113,4923,120,5
624,7,228,114,210,70,5
625,8,228,114,379,80,5
626,9,228,114,676,90,5
627,10,228,114,1230,100,5
628,11,228,114,2707,110,5
629,12,228,114,4923,120,5
630,7,230,115,215,70,5
631,8,230,115,379,80,5
632,9,230,115,676,90,5
633,10,230,115,1230,100,5
634,11,230,115,2707,110,5
635,12,230,115,4923,120,5
636,7,232,116,215,70,5
637,8,232,116,379,80,5
638,9,232,116,676,90,5
639,10,232,116,1230,100,5
640,11,232,116,2707,110,5
641,12,232,116,4923,120,5
642,7,234,117,215,70,5
643,8,234,117,379,80,5
644,9,234,117,697,90,5
645,10,234,117,1271,100,5
646,11,234,117,2707,110,5
647,12,234,117,4923,120,5
648,7,236,118,215,70,5
649,8,236,118,389,80,5
650,9,236,118,697,90,5
651,10,236,118,1271,100,5
652,11,236,118,2789,110,5
653,12,236,118,5087,120,5
654,7,238,119,220,70,5
655,8,238,119,389,80,5
656,9,238,119,697,90,5
657,10,238,119,1271,100,5
658,11,238,119,2789,110,5
659,12,238,119,5087,120,5
660,7,240,120,220,70,5
661,8,240,120,389,80,5
662,9,240,120,697,90,5
663,10,240,120,1271,100,5
664,11,240,120,2789,110,5
665,12,240,120,5087,120,5
666,7,242,121,220,70,5
667,8,242,121,389,80,5
668,9,242,121,697,90,5
669,10,242,121,1271,100,5
670,11,242,121,2789,110,5
671,12,242,121,5087,120,5
672,7,244,122,225,70,5
673,8,244,122,399,80,5
674,9,244,122,717,90,5
675,10,244,122,1312,100,5
676,11,244,122,2789,110,5
677,12,244,122,5087,120,5
678,7,246,123,225,70,5
679,8,246,123,399,80,5
680,9,246,123,717,90,5
681,10,246,123,1312,100,5
682,11,246,123,2871,110,5
683,12,246,123,5251,120,5
684,7,248,124,225,70,5
685,8,248,124,399,80,5
686,9,248,124,717,90,5
687,10,248,124,1312,100,5
688,11,248,124,2871,110,5
689,12,248,124,5251,120,5
690,7,250,125,225,70,5
691,8,250,125,399,80,5
692,9,250,125,717,90,5
693,10,250,125,1312,100,5
694,11,250,125,2871,110,5
695,12,250,125,5251,120,5
696,7,252,126,230,70,5
697,8,252,126,410,80,5
698,9,252,126,738,90,5
699,10,252,126,1312,100,5
700,11,252,126,2871,110,5
701,12,252,126,5251,120,5
702,7,254,127,230,70,5
703,8,254,127,410,80,5
704,9,254,127,738,90,5
705,10,254,127,1353,100,5
706,11,254,127,2953,110,5
707,12,254,127,5251,120,5
708,7,256,128,230,70,5
709,8,256,128,410,80,5
710,9,256,128,738,90,5
711,10,256,128,1353,100,5
712,11,256,128,2953,110,5
713,12,256,128,5414,120,5
714,7,258,129,235,70,5
715,8,258,129,410,80,5
716,9,258,129,738,90,5
717,10,258,129,1353,100,5
718,11,258,129,2953,110,5
719,12,258,129,5414,120,5
720,7,260,130,235,70,5
721,8,260,130,420,80,5
722,9,260,130,738,90,5
723,10,260,130,1353,100,5
724,11,260,130,2953,110,5
725,12,260,130,5414,120,5
726,7,262,131,235,70,5
727,8,262,131,420,80,5
728,9,262,131,758,90,5
729,10,262,131,1353,100,5
730,11,262,131,2953,110,5
731,12,262,131,5414,120,5
732,7,264,132,235,70,5
733,8,264,132,420,80,5
734,9,264,132,758,90,5
735,10,264,132,1394,100,5
736,11,264,132,3035,110,5
737,12,264,132,5414,120,5
738,7,266,133,240,70,5
739,8,266,133,420,80,5
740,9,266,133,758,90,5
741,10,266,133,1394,100,5
742,11,266,133,3035,110,5
743,12,266,133,5578,120,5
744,7,268,134,240,70,5
745,8,268,134,430,80,5
746,9,268,134,758,90,5
747,10,268,134,1394,100,5
748,11,268,134,3035,110,5
749,12,268,134,5578,120,5
750,7,270,135,240,70,5
751,8,270,135,430,80,5
752,9,270,135,779,90,5
753,10,270,135,1394,100,5
754,11,270,135,3035,110,5
755,12,270,135,5578,120,5
756,7,272,136,246,70,5
757,8,272,136,430,80,5
758,9,272,136,779,90,5
759,10,272,136,1394,100,5
760,11,272,136,3117,110,5
761,12,272,136,5578,120,5
762,7,274,137,246,70,5
763,8,274,137,430,80,5
764,9,274,137,779,90,5
765,10,274,137,1435,100,5
766,11,274,137,3117,110,5
767,12,274,137,5578,120,5
768,7,276,138,246,70,5
769,8,276,138,440,80,5
770,9,276,138,779,90,5
771,10,276,138,1435,100,5
772,11,276,138,3117,110,5
773,12,276,138,5742,120,5
774,7,278,139,246,70,5
775,8,278,139,440,80,5
776,9,278,139,779,90,5
777,10,278,139,1435,100,5
778,11,278,139,3117,110,5
779,12,278,139,5742,120,5
780,7,280,140,251,70,5
781,8,280,140,440,80,5
782,9,280,140,799,90,5
783,10,280,140,1435,100,5
784,11,280,140,3117,110,5
785,12,280,140,5742,120,5
786,7,282,141,251,70,5
787,8,282,141,440,80,5
788,9,282,141,799,90,5
789,10,282,141,1435,100,5
790,11,282,141,3199,110,5
791,12,282,141,5742,120,5
792,7,284,142,251,70,5
793,8,284,142,451,80,5
794,9,284,142,799,90,5
795,10,284,142,1476,100,5
796,11,284,142,3199,110,5
797,12,284,142,5742,120,5
798,7,286,143,256,70,5
799,8,286,143,451,80,5
800,9,286,143,799,90,5
801,10,286,143,1476,100,5
802,11,286,143,3199,110,5
803,12,286,143,5906,120,5
804,7,288,144,256,70,5
805,8,288,144,451,80,5
806,9,288,144,820,90,5
807,10,288,144,1476,100,5
808,11,288,144,3199,110,5
809,12,288,144,5906,120,5
810,7,290,145,256,70,5
811,8,290,145,451,80,5
812,9,290,145,820,90,5
813,10,290,145,1476,100,5
814,11,290,145,3280,110,5
815,12,290,145,5906,120,5
816,7,292,146,256,70,5
817,8,292,146,461,80,5
818,9,292,146,820,90,5
819,10,292,146,1476,100,5
820,11,292,146,3280,110,5
821,12,292,146,5906,120,5
822,7,294,147,261,70,5
823,8,294,147,461,80,5
824,9,294,147,820,90,5
825,10,294,147,1517,100,5
826,11,294,147,3280,110,5
827,12,294,147,5906,120,5
828,7,296,148,261,70,5
829,8,296,148,461,80,5
830,9,296,148,820,90,5
831,10,296,148,1517,100,5
832,11,296,148,3280,110,5
833,12,296,148,6070,120,5
834,7,298,149,261,70,5
835,8,298,149,461,80,5
836,9,298,149,840,90,5
837,10,298,149,1517,100,5
838,11,298,149,3280,110,5
839,12,298,149,6070,120,5
840,7,300,150,266,70,5
841,8,300,150,471,80,5
842,9,300,150,840,90,5
843,10,300,150,1517,100,5
844,11,300,150,3362,110,5
845,12,300,150,6070,120,5
846,7,302,151,266,70,5
847,8,302,151,471,80,5
848,9,302,151,840,90,5
849,10,302,151,1517,100,5
850,11,302,151,3362,110,5
851,12,302,151,6070,120,5
852,7,304,152,266,70,5
853,8,304,152,471,80,5
854,9,304,152,840,90,5
855,10,304,152,1558,100,5
856,11,304,152,3362,110,5
857,12,304,152,6070,120,5
858,7,306,153,266,70,5
859,8,306,153,471,80,5
860,9,306,153,861,90,5
861,10,306,153,1558,100,5
862,11,306,153,3362,110,5
863,12,306,153,6234,120,5
864,7,308,154,271,70,5
865,8,308,154,481,80,5
866,9,308,154,861,90,5
867,10,308,154,1558,100,5
868,11,308,154,3444,110,5
869,12,308,154,6234,120,5
870,7,310,155,271,70,5
871,8,310,155,481,80,5
872,9,310,155,861,90,5
873,10,310,155,1558,100,5
874,11,310,155,3444,110,5
875,12,310,155,6234,120,5
876,7,312,156,271,70,5
877,8,312,156,481,80,5
878,9,312,156,861,90,5
879,10,312,156,1558,100,5
880,11,312,156,3444,110,5
881,12,312,156,6234,120,5
882,7,314,157,276,70,5
883,8,314,157,481,80,5
884,9,314,157,861,90,5
885,10,314,157,1599,100,5
886,11,314,157,3444,110,5
887,12,314,157,6234,120,5
888,7,316,158,276,70,5
889,8,316,158,492,80,5
890,9,316,158,881,90,5
891,10,316,158,1599,100,5
892,11,316,158,3444,110,5
893,12,316,158,6398,120,5
894,7,318,159,276,70,5
895,8,318,159,492,80,5
896,9,318,159,881,90,5
897,10,318,159,1599,100,5
898,11,318,159,3526,110,5
899,12,318,159,6398,120,5
900,7,320,160,276,70,5
901,8,320,160,492,80,5
902,9,320,160,881,90,5
903,10,320,160,1599,100,5
904,11,320,160,3526,110,5
905,12,320,160,6398,120,5
906,7,322,161,281,70,5
907,8,322,161,492,80,5
908,9,322,161,881,90,5
909,10,322,161,1599,100,5
910,11,322,161,3526,110,5
911,12,322,161,6398,120,5
912,7,324,162,281,70,5
913,8,324,162,502,80,5
914,9,324,162,902,90,5
915,10,324,162,1640,100,5
916,11,324,162,3526,110,5
917,12,324,162,6398,120,5
918,7,326,163,281,70,5
919,8,326,163,502,80,5
920,9,326,163,902,90,5
921,10,326,163,1640,100,5
922,11,326,163,3608,110,5
923,12,326,163,6561,120,5
924,7,328,164,287,70,5
925,8,328,164,502,80,5
926,9,328,164,902,90,5
927,10,328,164,1640,100,5
928,11,328,164,3608,110,5
929,12,328,164,6561,120,5
930,7,330,165,287,70,5
931,8,330,165,502,80,5
932,9,330,165,902,90,5
933,10,330,165,1640,100,5
934,11,330,165,3608,110,5
935,12,330,165,6561,120,5
936,7,332,166,287,70,5
937,8,332,166,512,80,5
938,9,332,166,902,90,5
939,10,332,166,1640,100,5
940,11,332,166,3608,110,5
941,12,332,166,6561,120,5
942,7,334,167,287,70,5
943,8,334,167,512,80,5
944,9,334,167,922,90,5
945,10,334,167,1681,100,5
946,11,334,167,3608,110,5
947,12,334,167,6561,120,5
948,7,336,168,292,70,5
949,8,336,168,512,80,5
950,9,336,168,922,90,5
951,10,336,168,1681,100,5
952,11,336,168,3690,110,5
953,12,336,168,6725,120,5
954,7,338,169,292,70,5
955,8,338,169,512,80,5
956,9,338,169,922,90,5
957,10,338,169,1681,100,5
958,11,338,169,3690,110,5
959,12,338,169,6725,120,5
960,7,340,170,292,70,5
961,8,340,170,522,80,5
962,9,340,170,922,90,5
963,10,340,170,1681,100,5
964,11,340,170,3690,110,5
965,12,340,170,6725,120,5
966,7,342,171,297,70,5
967,8,342,171,522,80,5
968,9,342,171,943,90,5
969,10,342,171,1681,100,5
970,11,342,171,3690,110,5
971,12,342,171,6725,120,5
972,7,344,172,297,70,5
973,8,344,172,522,80,5
974,9,344,172,943,90,5
975,10,344,172,1722,100,5
976,11,344,172,3772,110,5
977,12,344,172,6725,120,5
978,7,346,173,297,70,5
979,8,346,173,522,80,5
980,9,346,173,943,90,5
981,10,346,173,1722,100,5
982,11,346,173,3772,110,5
983,12,346,173,6889,120,5
984,7,348,174,297,70,5
985,8,348,174,533,80,5
986,9,348,174,943,90,5
987,10,348,174,1722,100,5
988,11,348,174,3772,110,5
989,12,348,174,6889,120,5
990,7,350,175,302,70,5
991,8,350,175,533,80,5
992,9,350,175,943,90,5
993,10,350,175,1722,100,5
994,11,350,175,3772,110,5
995,12,350,175,6889,120,5
996,7,352,176,302,70,5
997,8,352,176,533,80,5
998,9,352,176,963,90,5
999,10,352,176,1722,100,5
1000,11,352,176,3772,110,5
1001,12,352,176,6889,120,5
1002,7,354,177,302,70,5
1003,8,354,177,533,80,5
1004,9,354,177,963,90,5
1005,10,354,177,1763,100,5
1006,11,354,177,3854,110,5
1007,12,354,177,6889,120,5
1008,7,356,178,307,70,5
1009,8,356,178,543,80,5
1010,9,356,178,963,90,5
1011,10,356,178,1763,100,5
1012,11,356,178,3854,110,5
1013,12,356,178,7053,120,5
1014,7,358,179,307,70,5
1015,8,358,179,543,80,5
1016,9,358,179,963,90,5
1017,10,358,179,1763,100,5
1018,11,358,179,3854,110,5
1019,12,358,179,7053,120,5
1020,7,360,180,307,70,5
1021,8,360,180,543,80,5
1022,9,360,180,984,90,5
1023,10,360,180,1763,100,5
1024,11,360,180,3854,110,5
1025,12,360,180,7053,120,5
1026,7,362,181,307,70,5
1027,8,362,181,543,80,5
1028,9,362,181,984,90,5
1029,10,362,181,1763,100,5
1030,11,362,181,3936,110,5
1031,12,362,181,7053,120,5
1032,7,364,182,312,70,5
1033,8,364,182,553,80,5
1034,9,364,182,984,90,5
1035,10,364,182,1804,100,5
1036,11,364,182,3936,110,5
1037,12,364,182,7053,120,5
1038,7,366,183,312,70,5
1039,8,366,183,553,80,5
1040,9,366,183,984,90,5
1041,10,366,183,1804,100,5
1042,11,366,183,3936,110,5
1043,12,366,183,7217,120,5
1044,7,368,184,312,70,5
1045,8,368,184,553,80,5
1046,9,368,184,984,90,5
1047,10,368,184,1804,100,5
1048,11,368,184,3936,110,5
1049,12,368,184,7217,120,5
1050,7,370,185,317,70,5
1051,8,370,185,553,80,5
1052,9,370,185,1004,90,5
1053,10,370,185,1804,100,5
1054,11,370,185,3936,110,5
1055,12,370,185,7217,120,5
1056,7,372,186,317,70,5
1057,8,372,186,563,80,5
1058,9,372,186,1004,90,5
1059,10,372,186,1804,100,5
1060,11,372,186,4018,110,5
1061,12,372,186,7217,120,5
1062,7,374,187,317,70,5
1063,8,374,187,563,80,5
1064,9,374,187,1004,90,5
1065,10,374,187,1845,100,5
1066,11,374,187,4018,110,5
1067,12,374,187,7217,120,5
1068,7,376,188,317,70,5
1069,8,376,188,563,80,5
1070,9,376,188,1004,90,5
1071,10,376,188,1845,100,5
1072,11,376,188,4018,110,5
1073,12,376,188,7381,120,5
1074,7,378,189,322,70,5
1075,8,378,189,563,80,5
1076,9,378,189,1025,90,5
1077,10,378,189,1845,100,5
1078,11,378,189,4018,110,5
1079,12,378,189,7381,120,5
1080,7,380,190,322,70,5
1081,8,380,190,574,80,5
1082,9,380,190,1025,90,5
1083,10,380,190,1845,100,5
1084,11,380,190,4100,110,5
1085,12,380,190,7381,120,5
1086,7,382,191,322,70,5
1087,8,382,191,574,80,5
1088,9,382,191,1025,90,5
1089,10,382,191,1845,100,5
1090,11,382,191,4100,110,5
1091,12,382,191,7381,120,5
1092,7,384,192,327,70,5
1093,8,384,192,574,80,5
1094,9,384,192,1025,90,5
1095,10,384,192,1886,100,5
1096,11,384,192,4100,110,5
1097,12,384,192,7381,120,5
1098,7,386,193,327,70,5
1099,8,386,193,574,80,5
1100,9,386,193,1025,90,5
1101,10,386,193,1886,100,5
1102,11,386,193,4100,110,5
1103,12,386,193,7544,120,5
1104,7,388,194,327,70,5
1105,8,388,194,584,80,5
1106,9,388,194,1045,90,5
1107,10,388,194,1886,100,5
1108,11,388,194,4100,110,5
1109,12,388,194,7544,120,5
1110,7,390,195,327,70,5
1111,8,390,195,584,80,5
1112,9,390,195,1045,90,5
1113,10,390,195,1886,100,5
1114,11,390,195,4182,110,5
1115,12,390,195,7544,120,5
1116,7,392,196,333,70,5
1117,8,392,196,584,80,5
1118,9,392,196,1045,90,5
1119,10,392,196,1886,100,5
1120,11,392,196,4182,110,5
1121,12,392,196,7544,120,5
1122,7,394,197,333,70,5
1123,8,394,197,584,80,5
1124,9,394,197,1045,90,5
1125,10,394,197,1927,100,5
1126,11,394,197,4182,110,5
1127,12,394,197,7544,120,5
1128,7,396,198,333,70,5
1129,8,396,198,594,80,5
1130,9,396,198,1066,90,5
1131,10,396,198,1927,100,5
1132,11,396,198,4182,110,5
1133,12,396,198,7708,120,5
1134,7,398,199,338,70,5
1135,8,398,199,594,80,5
1136,9,398,199,1066,90,5
1137,10,398,199,1927,100,5
1138,11,398,199,4264,110,5
1139,12,398,199,7708,120,5
1140,7,400,200,338,70,5
1141,8,400,200,594,80,5
1142,9,400,200,1066,90,5
1143,10,400,200,1927,100,5
1144,11,400,200,4264,110,5
1145,12,400,200,7708,120,5
1146,7,402,201,338,70,5
1147,8,402,201,594,80,5
1148,9,402,201,1066,90,5
1149,10,402,201,1927,100,5
1150,11,402,201,4264,110,5
1151,12,402,201,7708,120,5
1152,7,404,202,338,70,5
1153,8,404,202,604,80,5
1154,9,404,202,1066,90,5
1155,10,404,202,1968,100,5
1156,11,404,202,4264,110,5
1157,12,404,202,7708,120,5
1158,7,406,203,343,70,5
1159,8,406,203,604,80,5
1160,9,406,203,1086,90,5
1161,10,406,203,1968,100,5
1162,11,406,203,4264,110,5
1163,12,406,203,7872,120,5
1164,7,408,204,343,70,5
1165,8,408,204,604,80,5
1166,9,408,204,1086,90,5
1167,10,408,204,1968,100,5
1168,11,408,204,4345,110,5
1169,12,408,204,7872,120,5
1170,7,410,205,343,70,5
1171,8,410,205,604,80,5
1172,9,410,205,1086,90,5
1173,10,410,205,1968,100,5
1174,11,410,205,4345,110,5
1175,12,410,205,7872,120,5
1176,7,412,206,348,70,5
1177,8,412,206,614,80,5
1178,9,412,206,1086,90,5
1179,10,412,206,1968,100,5
1180,11,412,206,4345,110,5
1181,12,412,206,7872,120,5
1182,7,414,207,348,70,5
1183,8,414,207,614,80,5
1184,9,414,207,1106,90,5
1185,10,414,207,2009,100,5
1186,11,414,207,4345,110,5
1187,12,414,207,7872,120,5
1188,7,416,208,348,70,5
1189,8,416,208,614,80,5
1190,9,416,208,1106,90,5
1191,10,416,208,2009,100,5
1192,11,416,208,4427,110,5
1193,12,416,208,8036,120,5
1194,7,418,209,348,70,5
1195,8,418,209,614,80,5
1196,9,418,209,1107,90,5
1197,10,418,209,2009,100,5
1198,11,418,209,4427,110,5
1199,12,418,209,8036,120,5
1200,7,420,210,353,70,5
1201,8,420,210,625,80,5
1202,9,420,210,1106,90,5
1203,10,420,210,2009,100,5
1204,11,420,210,4427,110,5
1205,12,420,210,8036,120,5
1206,7,422,211,353,70,5
1207,8,422,211,625,80,5
1208,9,422,211,1107,90,5
1209,10,422,211,2009,100,5
1210,11,422,211,4427,110,5
1211,12,422,211,8036,120,5
1212,7,424,212,353,70,5
1213,8,424,212,625,80,5
1214,9,424,212,1127,90,5
1215,10,424,212,2050,100,5
1216,11,424,212,4427,110,5
1217,12,424,212,8036,120,5
1218,7,426,213,358,70,5
1219,8,426,213,625,80,5
1220,9,426,213,1127,90,5
1221,10,426,213,2050,100,5
1222,11,426,213,4509,110,5
1223,12,426,213,8200,120,5
1224,7,428,214,358,70,5
1225,8,428,214,635,80,5
1226,9,428,214,1127,90,5
1227,10,428,214,2050,100,5
1228,11,428,214,4509,110,5
1229,12,428,214,8200,120,5
1230,7,430,215,358,70,5
1231,8,430,215,635,80,5
1232,9,430,215,1127,90,5
1233,10,430,215,2050,100,5
1234,11,430,215,4509,110,5
1235,12,430,215,8200,120,5
1236,7,432,216,358,70,5
1237,8,432,216,635,80,5
1238,9,432,216,1147,90,5
1239,10,432,216,2050,100,5
1240,11,432,216,4509,110,5
1241,12,432,216,8200,120,5
1242,7,434,217,363,70,5
1243,8,434,217,635,80,5
1244,9,434,217,1147,90,5
1245,10,434,217,2091,100,5
1246,11,434,217,4591,110,5
1247,12,434,217,8200,120,5
1248,7,436,218,363,70,5
1249,8,436,218,645,80,5
1250,9,436,218,1147,90,5
1251,10,436,218,2091,100,5
1252,11,436,218,4591,110,5
1253,12,436,218,8364,120,5
1254,7,438,219,363,70,5
1255,8,438,219,645,80,5
1256,9,438,219,1147,90,5
1257,10,438,219,2091,100,5
1258,11,438,219,4591,110,5
1259,12,438,219,8364,120,5
1260,7,440,220,368,70,5
1261,8,440,220,645,80,5
1262,9,440,220,1147,90,5
1263,10,440,220,2091,100,5
1264,11,440,220,4591,110,5
1265,12,440,220,8364,120,5
1266,7,442,221,368,70,5
1267,8,442,221,645,80,5
1268,9,442,221,1168,90,5
1269,10,442,221,2091,100,5
1270,11,442,221,4591,110,5
1271,12,442,221,8364,120,5
1272,7,444,222,368,70,5
1273,8,444,222,655,80,5
1274,9,444,222,1168,90,5
1275,10,444,222,2132,100,5
1276,11,444,222,4673,110,5
1277,12,444,222,8364,120,5
1278,7,446,223,368,70,5
1279,8,446,223,655,80,5
1280,9,446,223,1168,90,5
1281,10,446,223,2132,100,5
1282,11,446,223,4673,110,5
1283,12,446,223,8527,120,5
1284,7,448,224,374,70,5
1285,8,448,224,655,80,5
1286,9,448,224,1168,90,5
1287,10,448,224,2132,100,5
1288,11,448,224,4673,110,5
1289,12,448,224,8527,120,5
1290,7,450,225,374,70,5
1291,8,450,225,655,80,5
1292,9,450,225,1188,90,5
1293,10,450,225,2132,100,5
1294,11,450,225,4673,110,5
1295,12,450,225,8527,120,5
1296,7,452,226,374,70,5
1297,8,452,226,666,80,5
1298,9,452,226,1188,90,5
1299,10,452,226,2132,100,5
1300,11,452,226,4755,110,5
1301,12,452,226,8527,120,5
1302,7,454,227,379,70,5
1303,8,454,227,666,80,5
1304,9,454,227,1188,90,5
1305,10,454,227,2172,100,5
1306,11,454,227,4755,110,5
1307,12,454,227,8527,120,5
1308,7,456,228,379,70,5
1309,8,456,228,666,80,5
1310,9,456,228,1188,90,5
1311,10,456,228,2172,100,5
1312,11,456,228,4755,110,5
1313,12,456,228,8691,120,5
1314,7,458,229,379,70,5
1315,8,458,229,666,80,5
1316,9,458,229,1188,90,5
1317,10,458,229,2172,100,5
1318,11,458,229,4755,110,5
1319,12,458,229,8691,120,5
1320,7,460,230,379,70,5
1321,8,460,230,676,80,5
1322,9,460,230,1209,90,5
1323,10,460,230,2172,100,5
1324,11,460,230,4755,110,5
1325,12,460,230,8691,120,5
1326,7,462,231,384,70,5
1327,8,462,231,676,80,5
1328,9,462,231,1209,90,5
1329,10,462,231,2172,100,5
1330,11,462,231,4837,110,5
1331,12,462,231,8691,120,5
1332,7,464,232,384,70,5
1333,8,464,232,676,80,5
1334,9,464,232,1209,90,5
1335,10,464,232,2213,100,5
1336,11,464,232,4837,110,5
1337,12,464,232,8691,120,5
1338,7,466,233,384,70,5
1339,8,466,233,676,80,5
1340,9,466,233,1209,90,5
1341,10,466,233,2213,100,5
1342,11,466,233,4837,110,5
1343,12,466,233,8855,120,5
1344,7,468,234,389,70,5
1345,8,468,234,686,80,5
1346,9,468,234,1229,90,5
1347,10,468,234,2213,100,5
1348,11,468,234,4837,110,5
1349,12,468,234,8855,120,5
1350,7,470,235,389,70,5
1351,8,470,235,686,80,5
1352,9,470,235,1229,90,5
1353,10,470,235,2213,100,5
1354,11,470,235,4919,110,5
1355,12,470,235,8855,120,5
1356,7,472,236,389,70,5
1357,8,472,236,686,80,5
1358,9,472,236,1229,90,5
1359,10,472,236,2213,100,5
1360,11,472,236,4919,110,5
1361,12,472,236,8855,120,5
1362,7,474,237,389,70,5
1363,8,474,237,686,80,5
1364,9,474,237,1229,90,5
1365,10,474,237,2254,100,5
1366,11,474,237,4919,110,5
1367,12,474,237,8855,120,5
1368,7,476,238,394,70,5
1369,8,476,238,696,80,5
1370,9,476,238,1229,90,5
1371,10,476,238,2254,100,5
1372,11,476,238,4919,110,5
1373,12,476,238,9019,120,5
1374,7,478,239,394,70,5
1375,8,478,239,696,80,5
1376,9,478,239,1250,90,5
1377,10,478,239,2254,100,5
1378,11,478,239,4919,110,5
1379,12,478,239,9019,120,5
